engine_type,HP or lbs thr ea engine,Max speed Knots,Rcmnd cruise Knots,Stall Knots dirty,Fuel gal/lbs,All eng rate of climb,Eng out rate of climb,Takeoff over 50ft,Landing over 50ft,Empty weight lbs,Length ft/in,Wing span ft/in,Range N.M.,Price
Piston,145.0,104.0,91.0,46.0,36,450.0,900.0,1300.0,2050.0,1180.0,25.0,37.0,370.0,1300000.0
Piston,85.0,89.0,83.0,44.0,15,600.0,720.0,800.0,1350.0,820.0,20.0,36.0,190.0,1230000.0
Piston,90.0,90.0,78.0,37.0,19,650.0,475.0,850.0,1300.0,810.0,21.0,35.0,210.0,1600000.0
Piston,85.0,88.0,78.0,37.0,19,620.0,500.0,850.0,1300.0,800.0,21.0,35.0,210.0,1300000.0
Piston,65.0,83.0,74.0,33.0,14,370.0,632.0,885.0,1220.0,740.0,21.0,35.0,175.0,1250000.0
Piston,65.0,78.0,72.0,33.0,15,360.0,583.0,880.0,1250.0,786.0,20.0,36.0,180.0,1100000.0
Piston,350.0,264.0,230.0,80.0,165,1820.0,3080.0,2100.0,6315.0,4275.0,34.0,36.0,868.0,2500000.0
Piston,290.0,262.0,247.0,77.0,165,1755.0,2250.0,2076.0,6000.0,4125.0,34.0,36.0,1020.0,2800000.0
Piston,290.0,257.0,235.0,77.0,165,1460.0,2490.0,2030.0,6000.0,4056.0,34.0,36.0,1101.0,2500000.0
Piston,290.0,257.0,237.0,77.0,165,1460.0,2490.0,2030.0,6000.0,3958.0,34.0,36.0,1174.0,3000000.0
Piston,290.0,271.0,236.0,69.0,174,1700.0,2200.0,1625.0,5700.0,3750.0,34.0,34.0,1174.0,3010000.0
Piston,290.0,220.0,212.0,74.0,165,1800.0,1950.0,1840.0,5500.0,3737.0,34.0,34.0,1200.0,2120000.0
Piston,600.0,128.0,96.0,59.0,46,1600.0,860.0,770.0,4500.0,3160.0,24.0,35.0,148.0,1450000.0
Piston,450.0,128.0,91.0,52.0,46,1060.0,1090.0,1150.0,4500.0,3100.0,25.0,42.0,190.0,1450000.0
Piston,450.0,128.0,91.0,58.0,46,990.0,1145.0,750.0,4500.0,2870.0,24.0,35.0,190.0,1400000.0
Piston,300.0,128.0,74.0,54.0,46,700.0,1200.0,1000.0,3750.0,2410.0,24.0,35.0,226.0,1150000.0
Piston,275.0,114.0,74.0,54.0,33,600.0,1275.0,1000.0,3750.0,2400.0,24.0,35.0,117.0,1025000.0
Piston,245.0,114.0,70.0,54.0,33,496.0,1300.0,1000.0,3750.0,2300.0,24.0,35.0,174.0,850000.0
Piston,220.0,114.0,70.0,48.0,33,435.0,1360.0,1000.0,3600.0,2200.0,24.0,35.0,190.0,700000.0
Piston,90.0,112.0,108.0,37.0,24,640.0,1100.0,1200.0,1450.0,930.0,20.0,30.0,410.0,1730000.0
Piston,90.0,113.0,104.0,50.0,24,600.0,1800.0,1600.0,1400.0,900.0,20.0,30.0,400.0,1600000.0
Piston,85.0,99.0,96.0,50.0,24,550.0,2100.0,1850.0,1400.0,833.0,20.0,30.0,360.0,1350000.0
Piston,150.0,116.0,109.0,43.0,39,1120.0,535.0,755.0,1650.0,1140.0,22.0,34.0,411.0,1700000.0
Piston,150.0,109.0,103.0,37.0,37,1140.0,617.0,718.0,1650.0,1050.0,22.0,34.0,411.0,1810000.0
Piston,150.0,113.0,109.0,43.0,39,1120.0,535.0,755.0,1650.0,1140.0,22.0,33.0,411.0,1700000.0
Piston,150.0,113.0,111.0,39.0,35,1145.0,457.0,690.0,1650.0,1150.0,22.0,34.0,480.0,1700000.0
Piston,115.0,109.0,107.0,44.0,35,725.0,716.0,775.0,1650.0,1067.0,22.0,33.0,301.0,1200000.0
Piston,90.0,117.0,97.0,38.0,26,700.0,1240.0,700.0,1450.0,820.0,21.0,35.0,350.0,1550000.0
Piston,160.0,168.0,160.0,63.0,80,1160.0,1805.0,1330.0,3800.0,2588.0,29.0,36.0,680.0,1740000.0
Piston,180.0,148.0,139.0,53.0,51,850.0,1550.0,1120.0,2400.0,1360.0,22.0,31.0,530.0,1380000.0
Piston,150.0,136.0,127.0,52.0,37,660.0,1600.0,1100.0,2200.0,1323.0,22.0,31.0,428.0,1265000.0
Piston,150.0,130.0,122.0,50.0,38,660.0,1600.0,1100.0,2200.0,1271.0,22.0,31.0,503.0,1265000.0
Piston,108.0,120.0,108.0,52.0,24,705.0,1590.0,1100.0,1560.0,975.0,19.0,24.0,348.0,1275000.0
Piston,108.0,120.0,109.0,51.0,24,765.0,1400.0,1065.0,1500.0,1007.0,19.0,24.0,350.0,1375000.0
Piston,600.0,122.0,96.0,61.0,54,1000.0,1200.0,800.0,6000.0,3400.0,29.0,44.0,275.0,1500000.0
Propjet,850.0,294.0,279.0,75.0,544,2450.0,3345.0,2845.0,12500.0,7538.0,43.0,54.0,1972.0,3500000.0
Propjet,850.0,290.0,272.0,75.0,544,2450.0,3345.0,2845.0,12500.0,7538.0,43.0,54.0,1870.0,3288000.0
Propjet,715.0,265.0,258.0,83.0,470,1963.0,2951.0,2679.0,11800.0,7082.0,39.0,45.0,1080.0,2485000.0
Propjet,680.0,248.0,235.0,75.0,470,1963.0,3245.0,2944.0,11500.0,6797.0,39.0,45.0,1000.0,2485000.0
Propjet,680.0,248.0,239.0,73.0,374,2200.0,1729.0,2138.0,10600.0,6440.0,39.0,45.0,1005.0,2590000.0
Propjet,750.0,279.0,265.0,79.0,470,2455.0,2808.0,2275.0,10950.0,6647.0,39.0,45.0,1235.0,3045000.0
Propjet,750.0,267.0,261.0,77.0,470,2380.0,2856.0,2275.0,10950.0,6549.0,39.0,45.0,1235.0,2980200.0
Propjet,550.0,250.0,245.0,77.0,474,1870.0,2024.0,2110.0,10100.0,5996.0,35.0,50.0,1290.0,2762000.0
Propjet,550.0,247.0,240.0,75.0,384,2137.0,2261.0,1672.0,10100.0,5765.0,35.0,50.0,1120.0,3000000.0
Propjet,550.0,223.0,217.0,76.0,384,1955.0,2261.0,1672.0,9650.0,5765.0,35.0,50.0,1120.0,2810000.0
Propjet,550.0,223.0,219.0,74.0,384,2000.0,2180.0,2010.0,9650.0,5685.0,36.0,50.0,1185.0,2720000.0
Propjet,550.0,223.0,216.0,77.0,384,1900.0,2150.0,1960.0,9300.0,5680.0,35.0,45.0,1160.0,3020000.0
Propjet,500.0,243.0,235.0,75.0,384,2000.0,1755.0,1870.0,9000.0,5680.0,35.0,45.0,1270.0,2840000.0
Piston,380.0,214.0,192.0,71.0,264,1275.0,1800.0,2311.0,8800.0,6035.0,35.0,50.0,902.0,2680000.0
Piston,380.0,216.0,196.0,70.0,200,1275.0,2556.0,2572.0,8800.0,5277.0,35.0,50.0,656.0,2680000.0
Piston,380.0,216.0,195.0,71.0,214,1275.0,1800.0,2311.0,8800.0,5120.0,35.0,50.0,716.0,2680000.0
Piston,380.0,219.0,200.0,70.0,214,1585.0,1800.0,2143.0,8500.0,4900.0,35.0,50.0,716.0,2850000.0
Piston,380.0,208.0,191.0,67.0,230,1300.0,1450.0,2070.0,8000.0,4800.0,35.0,50.0,746.0,2800000.0
Piston,340.0,208.0,186.0,70.0,214,1375.0,1675.0,2107.0,8200.0,4995.0,35.0,50.0,755.0,3000000.0
Piston,340.0,208.0,186.0,70.0,214,1300.0,1560.0,1750.0,7700.0,4980.0,35.0,45.0,755.0,3130000.0
Piston,340.0,200.0,186.0,70.0,180,1300.0,1700.0,1980.0,7700.0,4640.0,33.0,45.0,630.0,2700000.0
Piston,380.0,246.0,233.0,73.0,142,1601.0,2626.0,3065.0,6775.0,4425.0,33.0,39.0,1010.0,3000000.0
Piston,380.0,249.0,240.0,76.0,142,1601.0,2626.0,3065.0,6775.0,4175.0,33.0,39.0,824.0,3080000.0
Piston,380.0,249.0,236.0,76.0,142,1615.0,1660.0,2340.0,6725.0,4100.0,33.0,39.0,824.0,3130000.0
Piston,450.0,204.0,191.0,76.0,198,1400.0,2072.0,1850.0,9900.0,5845.0,35.0,49.0,622.0,2030000.0
Piston,450.0,200.0,186.0,73.0,275,1410.0,1980.0,1850.0,9700.0,5910.0,35.0,49.0,880.0,2140000.0
Piston,450.0,203.0,187.0,71.0,206,1250.0,2079.0,1569.0,9300.0,6150.0,33.0,47.0,638.0,2300000.0
Piston,450.0,200.0,183.0,67.0,206,1190.0,1760.0,1460.0,8750.0,5770.0,33.0,47.0,632.0,2050000.0
Piston,340.0,204.0,180.0,72.0,180,1270.0,1250.0,1840.0,7300.0,4480.0,31.0,45.0,787.0,2950000.0
Piston,340.0,209.0,184.0,72.0,180,1320.0,1250.0,1840.0,7000.0,4460.0,31.0,45.0,813.0,2950000.0
Piston,295.0,186.0,178.0,62.0,134,1450.0,1260.0,1452.0,6300.0,4100.0,31.0,45.0,670.0,2000000.0
Piston,275.0,178.0,161.0,60.0,134,1450.0,1260.0,1375.0,6000.0,3956.0,31.0,45.0,726.0,2000000.0
Piston,260.0,177.0,159.0,60.0,134,1450.0,1344.0,1215.0,6000.0,3940.0,31.0,45.0,733.0,2000000.0
Piston,260.0,177.0,158.0,56.0,134,1450.0,1350.0,1215.0,5500.0,3800.0,31.0,45.0,722.0,1900000.0
Piston,325.0,261.0,232.0,78.0,166,1475.0,2643.0,2427.0,6200.0,4026.0,29.0,37.0,1013.0,2500000.0
Piston,310.0,256.0,214.0,79.0,166,1529.0,2376.0,2498.0,6100.0,3985.0,29.0,37.0,1130.0,2500000.0
Piston,310.0,231.0,207.0,79.0,166,1424.0,2761.0,2498.0,6100.0,3985.0,29.0,37.0,1104.0,2500000.0
Piston,325.0,261.0,232.0,78.0,166,1475.0,2643.0,2427.0,6200.0,3788.0,29.0,37.0,1013.0,2500000.0
Piston,310.0,250.0,214.0,79.0,166,1461.0,2376.0,2498.0,6100.0,3780.0,29.0,37.0,1130.0,2500000.0
Piston,300.0,208.0,195.0,74.0,136,1750.0,2371.0,2498.0,5500.0,3443.0,29.0,37.0,1109.0,2068800.0
Piston,285.0,208.0,195.0,74.0,136,1660.0,2101.0,2498.0,5400.0,3361.0,29.0,37.0,1109.0,1860000.0
Piston,380.0,252.0,247.0,73.0,142,2020.0,1420.0,2080.0,5990.0,3700.0,29.0,37.0,737.0,3220000.0
Piston,380.0,252.0,247.0,73.0,142,2020.0,1420.0,2080.0,5990.0,3650.0,28.0,37.0,737.0,3220000.0
Piston,285.0,208.0,195.0,73.0,100,1682.0,968.0,1414.0,5300.0,3291.0,29.0,37.0,934.0,1910000.0
Piston,285.0,210.0,200.0,67.0,112,1670.0,968.0,1414.0,5300.0,3075.0,28.0,37.0,550.0,2090000.0
Piston,260.0,201.0,184.0,73.0,100,1693.0,2154.0,2148.0,5100.0,3236.0,28.0,37.0,739.0,1930000.0
Piston,260.0,205.0,196.0,68.0,112,1670.0,1225.0,1370.0,5100.0,3075.0,27.0,37.0,763.0,1970000.0
Piston,260.0,200.0,191.0,66.0,112,1700.0,1700.0,1470.0,4880.0,2960.0,26.0,37.0,745.0,1950000.0
Piston,260.0,200.0,191.0,66.0,112,1630.0,1700.0,1470.0,4880.0,2960.0,25.0,37.0,745.0,1920000.0
Piston,180.0,183.0,174.0,61.0,80,1250.0,1280.0,1590.0,4200.0,2650.0,25.0,37.0,661.0,1810000.0
Piston,180.0,183.0,174.0,61.0,80,1250.0,2100.0,1850.0,4200.0,2635.0,25.0,37.0,661.0,1810000.0
Piston,180.0,183.0,170.0,61.0,80,1250.0,2100.0,1850.0,4100.0,2635.0,25.0,37.0,661.0,1810000.0
Piston,180.0,171.0,158.0,60.0,100,1248.0,2119.0,1881.0,3900.0,2460.0,29.0,38.0,843.0,1965000.0
Piston,300.0,213.0,190.0,57.0,102,1049.0,2364.0,1692.0,3850.0,2338.0,27.0,37.0,957.0,2500000.0
Piston,300.0,214.0,190.0,57.0,74,1165.0,2012.0,1449.0,3650.0,2278.0,27.0,33.0,800.0,2500000.0
Piston,300.0,184.0,169.0,59.0,74,1210.0,1913.0,1473.0,3650.0,2247.0,27.0,33.0,720.0,1850000.0
Piston,285.0,179.0,168.0,52.0,74,1030.0,2040.0,1450.0,3600.0,2195.0,27.0,33.0,697.0,1660000.0
Piston,285.0,177.0,170.0,56.0,50,1015.0,1525.0,1240.0,3600.0,1980.0,26.0,32.0,510.0,1600000.0
Piston,285.0,217.0,200.0,55.0,50,1225.0,1320.0,1177.0,3400.0,2027.0,26.0,33.0,600.0,2950000.0
Piston,285.0,183.0,177.0,55.0,44,1136.0,1320.0,1177.0,3400.0,1960.0,26.0,33.0,536.0,1750000.0
Piston,285.0,209.0,195.0,55.0,50,1225.0,1320.0,1177.0,3400.0,1950.0,26.0,33.0,580.0,2660000.0
Piston,285.0,183.0,177.0,55.0,50,1136.0,1320.0,1177.0,3400.0,1915.0,26.0,33.0,543.0,1750000.0
Piston,285.0,184.0,178.0,54.0,50,1200.0,1225.0,1150.0,3300.0,1915.0,26.0,33.0,543.0,1830000.0
Piston,260.0,178.0,170.0,52.0,50,1150.0,1260.0,1100.0,3125.0,1855.0,25.0,33.0,535.0,1920000.0
Piston,250.0,183.0,170.0,52.0,49,1170.0,1185.0,1050.0,2950.0,1832.0,25.0,33.0,495.0,2000000.0
Piston,250.0,183.0,174.0,50.0,39,1250.0,1175.0,1050.0,2900.0,1820.0,25.0,32.0,492.0,2130000.0
Piston,240.0,179.0,165.0,50.0,39,1225.0,1260.0,1050.0,2900.0,1820.0,25.0,32.0,470.0,1980000.0
Piston,225.0,169.0,160.0,48.0,39,1300.0,1270.0,1025.0,2775.0,1722.0,25.0,32.0,550.0,1900000.0
Piston,205.0,165.0,152.0,48.0,39,1100.0,1500.0,975.0,2700.0,1650.0,25.0,32.0,510.0,1800000.0
Piston,196.0,160.0,148.0,49.0,39,890.0,1515.0,950.0,2650.0,1575.0,25.0,32.0,470.0,1710000.0
Piston,185.0,160.0,150.0,48.0,39,950.0,1440.0,925.0,2550.0,1458.0,25.0,32.0,530.0,1800000.0
Piston,260.0,177.0,168.0,49.0,50,1060.0,1516.0,1150.0,3300.0,1935.0,25.0,32.0,513.0,1660000.0
Piston,285.0,181.0,174.0,53.0,50,1200.0,1225.0,1150.0,3300.0,1918.0,25.0,32.0,520.0,1830000.0
Piston,285.0,182.0,172.0,51.0,74,1167.0,1769.0,1324.0,3400.0,2125.0,26.0,33.0,717.0,1785800.0
Piston,285.0,181.0,174.0,53.0,50,1200.0,1225.0,1150.0,3300.0,1915.0,25.0,32.0,520.0,1830000.0
Piston,225.0,170.0,161.0,52.0,50,930.0,1288.0,1298.0,3050.0,1862.0,25.0,32.0,520.0,1780000.0
Piston,285.0,181.0,174.0,53.0,50,1200.0,1225.0,1150.0,3300.0,1775.0,25.0,32.0,520.0,1830000.0
Piston,225.0,170.0,161.0,52.0,50,980.0,1288.0,1298.0,3050.0,1854.0,25.0,32.0,568.0,1830000.0
Piston,225.0,170.0,161.0,52.0,50,960.0,1235.0,1282.0,3000.0,1745.0,25.0,32.0,568.0,1840000.0
Piston,225.0,170.0,161.0,52.0,50,1010.0,1235.0,1282.0,2900.0,1730.0,25.0,32.0,550.0,1980000.0
Piston,200.0,145.0,137.0,60.0,57,927.0,1561.0,1462.0,2750.0,1696.0,25.0,32.0,647.0,1538500.0
Piston,200.0,140.0,131.0,55.0,52,891.0,1804.0,1519.0,2750.0,1711.0,25.0,32.0,591.0,1434200.0
Piston,200.0,148.0,141.0,57.0,58,862.0,1630.0,1380.0,2750.0,1610.0,25.0,32.0,704.0,1435000.0
Piston,200.0,137.0,130.0,52.0,60,880.0,1380.0,1300.0,2550.0,1410.0,25.0,32.0,643.0,1485000.0
Piston,180.0,128.0,116.0,51.0,57,792.0,1955.0,1484.0,2450.0,1494.0,25.0,32.0,565.0,1260000.0
Piston,180.0,127.0,120.0,50.0,60,728.0,1460.0,1260.0,2400.0,1375.0,25.0,32.0,565.0,1187000.0
Piston,165.0,127.0,120.0,50.0,60,880.0,1460.0,1260.0,2350.0,1325.0,25.0,32.0,565.0,1187000.0
Piston,160.0,123.0,111.0,52.0,60,720.0,1275.0,1260.0,2300.0,1300.0,25.0,32.0,800.0,1350000.0
Piston,150.0,110.0,107.0,50.0,57,680.0,1635.0,1693.0,2150.0,1414.0,25.0,32.0,643.0,1165000.0
Piston,150.0,122.0,114.0,48.0,60,900.0,1255.0,1220.0,2200.0,1325.0,25.0,32.0,800.0,1490000.0
Piston,115.0,106.0,97.0,47.0,29,720.0,1280.0,1313.0,1675.0,1103.0,24.0,30.0,370.0,1290000.0
Piston,300.0,193.0,187.0,61.0,68,1170.0,1420.0,1340.0,3325.0,2372.0,26.0,34.0,760.0,2400000.0
Piston,300.0,174.0,165.0,61.0,68,1170.0,1420.0,1340.0,3325.0,2247.0,26.0,34.0,483.0,1820000.0
Piston,250.0,193.0,187.0,54.0,72,1800.0,890.0,1100.0,3200.0,2010.0,23.0,34.0,760.0,2400000.0
Piston,300.0,181.0,176.0,61.0,68,1210.0,1420.0,1340.0,3325.0,2185.0,26.0,34.0,550.0,2000000.0
Piston,300.0,166.0,163.0,61.0,60,1085.0,1420.0,1340.0,3325.0,2217.0,26.0,34.0,550.0,1700000.0
Piston,300.0,167.0,163.0,54.0,58,1840.0,890.0,1050.0,3200.0,1900.0,23.0,34.0,550.0,2100000.0
Piston,260.0,181.0,177.0,54.0,58,1500.0,990.0,825.0,3000.0,1750.0,23.0,34.0,639.0,2250000.0
Piston,230.0,179.0,170.0,42.0,40,1400.0,1025.0,1150.0,2700.0,1640.0,22.0,34.0,452.0,2000000.0
Piston,190.0,174.0,157.0,38.0,40,1250.0,1270.0,1025.0,2600.0,1575.0,23.0,34.0,435.0,2150000.0
Piston,150.0,147.0,130.0,38.0,40,1100.0,1350.0,975.0,2100.0,1520.0,21.0,34.0,591.0,1950000.0
Jet,3500.0,491.0,460.0,99.0,7400,4340.0,4972.0,3075.0,18300.0,9838.0,48.0,39.0,2289.0,4500000.0
Jet,3500.0,477.0,441.0,105.0,7431,5100.0,4080.0,3105.0,17000.0,8802.0,48.0,39.0,2289.0,4500000.0
Jet,3500.0,471.0,460.0,99.0,6198,4760.0,4972.0,3075.0,18300.0,9838.0,48.0,39.0,1818.0,4500000.0
Jet,3500.0,477.0,441.0,105.0,6171,5100.0,4080.0,3105.0,17000.0,8762.0,48.0,39.0,1818.0,4500000.0
Jet,2950.0,478.0,441.0,79.0,5373,6110.0,2880.0,2220.0,15000.0,8157.0,47.0,43.0,1546.0,4790000.0
Jet,2950.0,475.0,441.0,79.0,4704,6350.0,2630.0,2220.0,15000.0,8195.0,47.0,43.0,1450.0,4880000.0
Jet,2950.0,464.0,459.0,97.0,6098,6830.0,3937.0,2817.0,15000.0,7950.0,47.0,35.0,1431.0,5100000.0
Jet,2950.0,464.0,441.0,104.0,6098,6050.0,5186.0,3090.0,15000.0,7355.0,47.0,35.0,1450.0,4500000.0
Jet,2950.0,464.0,441.0,104.0,7464,6050.0,5186.0,3090.0,15000.0,7233.0,47.0,35.0,1525.0,4500000.0
Jet,2950.0,477.0,442.0,90.0,6098,6050.0,5186.0,2703.0,15000.0,7206.0,47.0,35.0,1385.0,4500000.0
Jet,2950.0,475.0,441.0,88.0,5628,7100.0,3297.0,2873.0,13500.0,7130.0,43.0,35.0,1001.0,4500000.0
Jet,2950.0,477.0,441.0,88.0,4791,7220.0,3000.0,2789.0,12900.0,7025.0,43.0,35.0,730.0,4500000.0
Jet,2950.0,464.0,441.0,99.0,5628,6800.0,3917.0,2800.0,13500.0,6988.0,43.0,35.0,1001.0,4500000.0
Jet,2950.0,477.0,442.0,87.0,840,6800.0,3917.0,2703.0,13500.0,6803.0,43.0,35.0,1001.0,4500000.0
Jet,2950.0,461.0,442.0,88.0,715,6900.0,3370.0,2850.0,12500.0,6519.0,43.0,35.0,1385.0,4500000.0
Jet,2950.0,474.0,437.0,88.0,834,6300.0,3100.0,3307.0,13500.0,6927.0,43.0,35.0,1001.0,4500000.0
Jet,2850.0,469.0,417.0,90.0,847,6300.0,3100.0,3350.0,13000.0,7090.0,43.0,35.0,1100.0,4100000.0
Jet,2850.0,488.0,423.0,89.0,828,6900.0,2940.0,2800.0,12500.0,6700.0,43.0,35.0,1000.0,4100000.0
Jet,4000.0,85.0,476.0,97.0,7385,4442.0,4690.0,2910.0,22450.0,13700.0,55.0,53.0,2300.0,5100000.0
Jet,3650.0,472.0,461.0,97.0,7384,3699.0,5030.0,2900.0,22000.0,11811.0,55.0,53.0,2600.0,5100000.0
Jet,1900.0,71.0,380.0,85.0,3220,3311.0,3080.0,2750.0,10400.0,6550.0,42.0,46.0,1485.0,4100000.0
Propjet,625.0,295.0,283.0,76.0,475,2435.0,2465.0,1875.0,9850.0,5682.0,39.0,49.0,2193.0,3500000.0
Propjet,450.0,263.0,250.0,79.0,366,2027.0,2341.0,2145.0,8200.0,4915.0,35.0,44.0,1461.0,3470000.0
Piston,375.0,257.0,241.0,74.0,213,1940.0,2323.0,2293.0,7450.0,5048.0,36.0,41.0,1197.0,3020000.0
Piston,375.0,245.0,235.0,74.0,175,1850.0,2387.0,2178.0,7450.0,4426.0,36.0,41.0,845.0,3100000.0
Piston,375.0,240.0,227.0,76.0,175,1700.0,2516.0,2110.0,6840.0,4252.0,33.0,39.0,826.0,2600000.0
Piston,375.0,240.0,222.0,76.0,170,1700.0,2516.0,2110.0,6800.0,4237.0,33.0,39.0,826.0,2600000.0
Piston,310.0,235.0,224.0,72.0,213,1520.0,2595.0,2393.0,6750.0,4543.0,36.0,44.0,1099.0,3080000.0
Piston,310.0,239.0,224.0,70.0,102,1580.0,2350.0,1865.0,6350.0,4039.0,33.0,39.0,1090.0,3010000.0
Piston,340.0,231.0,214.0,72.0,175,1900.0,2010.0,1851.0,6500.0,3865.0,33.0,39.0,908.0,2600000.0
Piston,375.0,232.0,217.0,70.0,348,1575.0,2367.0,2130.0,8400.0,4965.0,39.0,46.0,553.0,2600000.0
Piston,325.0,230.0,213.0,68.0,213,1450.0,2195.0,2485.0,6850.0,4238.0,36.0,44.0,875.0,2690000.0
Piston,300.0,229.0,210.0,70.0,102,1610.0,2220.0,1765.0,6300.0,4038.0,36.0,39.0,1180.0,2618000.0
Piston,300.0,227.0,209.0,69.0,102,1610.0,2220.0,1765.0,6300.0,3719.0,35.0,39.0,833.0,2618000.0
Piston,300.0,227.0,209.0,69.0,102,1610.0,2220.0,1765.0,6300.0,3674.0,33.0,39.0,1102.0,2618000.0
Piston,310.0,243.0,229.0,71.0,102,1650.0,2175.0,1850.0,5990.0,4184.0,34.0,38.0,1106.0,2980000.0
Piston,285.0,226.0,210.0,71.0,102,1500.0,2430.0,1840.0,5975.0,3730.0,34.0,38.0,1258.0,2650000.0
Piston,300.0,230.0,215.0,71.0,102,1400.0,2365.0,1850.0,5990.0,3963.0,34.0,38.0,928.0,2680000.0
Piston,285.0,239.0,226.0,64.0,102,1924.0,1515.0,1734.0,5300.0,3273.0,29.0,36.0,735.0,2900000.0
Piston,260.0,229.0,213.0,63.0,102,1820.0,1584.0,1910.0,5200.0,3260.0,29.0,36.0,735.0,2810000.0
Piston,260.0,230.0,204.0,68.0,102,1820.0,1890.0,2056.0,4990.0,3190.0,29.0,36.0,740.0,2810000.0
Piston,285.0,237.0,223.0,70.0,102,1700.0,1662.0,1790.0,5500.0,3723.0,31.0,36.0,517.0,2740000.0
Piston,285.0,238.0,225.0,67.0,102,1790.0,1662.0,1790.0,5500.0,3292.0,29.0,36.0,807.0,2820000.0
Piston,285.0,239.0,226.0,66.0,102,1862.0,1590.0,1790.0,5400.0,3292.0,29.0,36.0,807.0,2860000.0
Piston,285.0,207.0,194.0,70.0,102,1662.0,1700.0,1790.0,5500.0,3603.0,31.0,36.0,661.0,1975000.0
Piston,260.0,205.0,192.0,63.0,102,1495.0,1795.0,1697.0,5300.0,3214.0,29.0,36.0,680.0,1950000.0
Piston,260.0,206.0,193.0,62.0,102,1540.0,1716.0,1673.0,5200.0,3170.0,29.0,36.0,676.0,1990000.0
Piston,260.0,206.0,193.0,65.0,102,1540.0,1716.0,1582.0,5200.0,3125.0,29.0,36.0,676.0,1990000.0
Piston,260.0,207.0,194.0,65.0,102,1590.0,1640.0,1540.0,5100.0,3094.0,29.0,36.0,687.0,2030000.0
Piston,260.0,209.0,194.0,65.0,102,1690.0,1545.0,1900.0,5100.0,3063.0,29.0,37.0,687.0,2110000.0
Piston,260.0,210.0,191.0,73.0,102,1800.0,1395.0,1720.0,4990.0,3049.0,29.0,36.0,678.0,2130000.0
Piston,240.0,191.0,178.0,71.0,102,1700.0,1375.0,1710.0,4600.0,2850.0,27.0,36.0,640.0,1950000.0
Piston,250.0,216.0,180.0,62.0,155,1480.0,1750.0,1450.0,5000.0,3305.0,30.0,38.0,835.0,2500000.0
Piston,225.0,211.0,204.0,62.0,150,1170.0,1500.0,1675.0,4700.0,3184.0,29.0,38.0,939.0,2000000.0
Piston,210.0,207.0,200.0,62.0,90,1160.0,1675.0,1650.0,4630.0,3038.0,29.0,38.0,1080.0,2000000.0
Piston,210.0,200.0,194.0,61.0,93,1105.0,1675.0,1650.0,4630.0,2850.0,29.0,38.0,920.0,2930000.0
Piston,210.0,201.0,195.0,61.0,93,1155.0,1595.0,1650.0,4500.0,2815.0,29.0,38.0,920.0,3010000.0
Piston,210.0,201.0,195.0,59.0,93,1155.0,1595.0,1520.0,4500.0,2795.0,29.0,38.0,920.0,3010000.0
Piston,210.0,202.0,196.0,57.0,93,1250.0,1490.0,1500.0,4300.0,2785.0,29.0,38.0,920.0,3100000.0
Piston,210.0,172.0,169.0,61.0,90,940.0,1675.0,1650.0,4630.0,2925.0,29.0,38.0,1139.0,1630000.0
Piston,210.0,173.0,165.0,61.0,93,1100.0,1675.0,1650.0,4630.0,2695.0,29.0,38.0,920.0,1800000.0
Piston,210.0,173.0,166.0,60.0,93,1180.0,1565.0,1650.0,4440.0,2660.0,29.0,38.0,922.0,1930000.0
Piston,210.0,173.0,166.0,60.0,93,1200.0,1545.0,1650.0,4400.0,2655.0,29.0,38.0,920.0,1950000.0
Piston,210.0,173.0,166.0,58.0,93,1200.0,1545.0,1520.0,4400.0,2650.0,29.0,38.0,922.0,1950000.0
Piston,210.0,174.0,167.0,57.0,93,1250.0,1490.0,1500.0,4300.0,2615.0,29.0,38.0,922.0,2000000.0
Piston,210.0,174.0,167.0,55.0,93,1200.0,1435.0,1465.0,4200.0,2615.0,29.0,38.0,922.0,2050000.0
Piston,210.0,159.0,150.0,52.0,93,1300.0,1145.0,1395.0,3900.0,2320.0,29.0,38.0,880.0,1900000.0
Propjet,675.0,182.0,154.0,61.0,335,1234.0,2053.0,1655.0,8000.0,3973.0,37.0,52.0,866.0,2500000.0
Propjet,675.0,186.0,154.0,61.0,335,975.0,2420.0,1880.0,8750.0,4765.0,41.0,52.0,810.0,2370000.0
Piston,325.0,224.0,212.0,55.0,85,1150.0,2110.0,1600.0,4100.0,2471.0,28.0,38.0,715.0,2500000.0
Piston,310.0,201.0,191.0,58.0,90,945.0,2160.0,1500.0,4000.0,2481.0,28.0,36.0,661.0,2300000.0
Piston,325.0,224.0,207.0,55.0,87,1150.0,2110.0,1600.0,4100.0,2320.0,28.0,38.0,715.0,2900000.0
Piston,310.0,204.0,192.0,58.0,90,930.0,2160.0,1500.0,4000.0,2303.0,28.0,36.0,715.0,2700000.0
Piston,310.0,204.0,197.0,57.0,90,1030.0,1900.0,1500.0,3800.0,2306.0,28.0,36.0,732.0,2850000.0
Piston,285.0,205.0,187.0,57.0,90,930.0,2030.0,1500.0,3800.0,2180.0,28.0,36.0,732.0,2850000.0
Piston,285.0,203.0,194.0,55.0,89,1115.0,1365.0,1355.0,3400.0,2050.0,28.0,36.0,739.0,3020000.0
Piston,285.0,200.0,191.0,54.0,65,1280.0,1265.0,1340.0,3300.0,1965.0,28.0,36.0,539.0,3130000.0
Piston,300.0,174.0,170.0,57.0,90,950.0,2030.0,1500.0,3800.0,2219.0,28.0,36.0,600.0,1730000.0
Piston,285.0,174.0,167.0,55.0,90,1000.0,1365.0,1355.0,3400.0,1960.0,28.0,36.0,760.0,1830000.0
Piston,285.0,172.0,165.0,54.0,65,1115.0,1265.0,1340.0,3300.0,1865.0,28.0,36.0,640.0,1990000.0
Piston,285.0,173.0,166.0,53.0,65,1210.0,1110.0,1275.0,3100.0,1860.0,28.0,36.0,640.0,2100000.0
Piston,260.0,170.0,160.0,52.0,65,1270.0,1210.0,1110.0,3000.0,1780.0,27.0,36.0,680.0,2030000.0
Piston,260.0,173.0,165.0,51.0,65,1300.0,1135.0,1190.0,2900.0,1740.0,27.0,36.0,700.0,2070000.0
Piston,310.0,170.0,161.0,59.0,61,885.0,1860.0,1500.0,3800.0,2254.0,32.0,35.0,583.0,2600000.0
Piston,300.0,150.0,143.0,59.0,61,810.0,1970.0,1500.0,3800.0,2177.0,32.0,35.0,612.0,1330000.0
Piston,310.0,155.0,135.0,52.0,92,835.0,2790.0,1750.0,3600.0,2404.0,29.0,35.0,640.0,2560000.0
Piston,285.0,157.0,143.0,50.0,65,950.0,2400.0,1610.0,3600.0,2295.0,28.0,35.0,626.0,2420000.0
Piston,300.0,137.0,131.0,51.0,92,925.0,2820.0,1675.0,3500.0,2342.0,29.0,35.0,680.0,1390000.0
Piston,300.0,136.0,130.0,53.0,61,855.0,2475.0,1570.0,3500.0,2312.0,29.0,35.0,580.0,1390000.0
Piston,300.0,136.0,131.0,49.0,65,855.0,2475.0,1570.0,3500.0,2200.0,28.0,35.0,510.0,1390000.0
Piston,310.0,174.0,152.0,54.0,92,1010.0,1640.0,1395.0,3600.0,2066.0,28.0,35.0,640.0,2700000.0
Piston,285.0,174.0,148.0,53.0,65,1030.0,1810.0,1395.0,3600.0,1935.0,28.0,35.0,580.0,2630000.0
Piston,285.0,174.0,160.0,53.0,65,1030.0,1810.0,1395.0,3600.0,1795.0,27.0,36.0,627.0,2630000.0
Piston,300.0,156.0,147.0,54.0,92,920.0,1780.0,1395.0,3600.0,2002.0,28.0,35.0,680.0,1480000.0
Piston,300.0,151.0,143.0,53.0,65,920.0,1780.0,1395.0,3600.0,1725.0,28.0,36.0,510.0,1480000.0
Piston,285.0,151.0,142.0,53.0,65,920.0,1810.0,1340.0,3600.0,1795.0,27.0,36.0,555.0,1480000.0
Piston,285.0,154.0,144.0,52.0,65,1075.0,1265.0,1340.0,3300.0,1760.0,27.0,36.0,563.0,1670000.0
Piston,285.0,174.0,160.0,53.0,65,1030.0,1810.0,1395.0,3600.0,1915.0,28.0,36.0,609.0,2630000.0
Piston,310.0,178.0,150.0,54.0,92,1050.0,1740.0,1395.0,3600.0,2351.0,28.0,36.0,713.0,2700000.0
Piston,300.0,151.0,142.0,54.0,92,988.0,1860.0,1395.0,3600.0,2351.0,28.0,36.0,713.0,1570000.0
Piston,285.0,151.0,142.0,53.0,65,920.0,1810.0,1395.0,3600.0,1820.0,28.0,36.0,555.0,1480000.0
Piston,285.0,154.0,143.0,52.0,65,1075.0,1265.0,1340.0,3300.0,1790.0,28.0,36.0,565.0,1670000.0
Piston,260.0,145.0,138.0,50.0,65,965.0,1465.0,1510.0,3300.0,1750.0,27.0,36.0,515.0,1610000.0
Piston,275.0,152.0,143.0,54.0,80,1135.0,1605.0,1495.0,3350.0,2050.0,27.0,36.0,583.0,1625000.0
Piston,245.0,153.0,139.0,56.0,80,1050.0,1670.0,1495.0,3350.0,2030.0,27.0,36.0,603.0,1600000.0
Piston,300.0,157.0,148.0,55.0,80,1090.0,1670.0,1495.0,3350.0,2050.0,27.0,36.0,600.0,1600000.0
Piston,240.0,153.0,139.0,56.0,80,1090.0,1670.0,1495.0,3350.0,2015.0,27.0,36.0,610.0,1600000.0
Piston,310.0,113.0,106.0,58.0,54,510.0,2060.0,1265.0,4400.0,2322.0,26.0,41.0,283.0,1400000.0
Piston,300.0,106.0,101.0,57.0,54,465.0,2250.0,1265.0,4200.0,2230.0,25.0,41.0,290.0,780000.0
Piston,300.0,107.0,103.0,55.0,54,525.0,1965.0,1265.0,4000.0,2179.0,25.0,40.0,290.0,870000.0
Piston,300.0,105.0,98.0,50.0,54,690.0,1090.0,1265.0,4200.0,2220.0,26.0,41.0,290.0,1110000.0
Piston,300.0,105.0,98.0,50.0,37,690.0,1090.0,1265.0,4000.0,2189.0,26.0,40.0,278.0,1110000.0
Piston,230.0,91.0,78.0,50.0,37,400.0,1920.0,1265.0,3800.0,1900.0,25.0,40.0,204.0,650000.0
Piston,230.0,94.0,83.0,50.0,37,460.0,1740.0,1265.0,3800.0,1835.0,25.0,40.0,204.0,770000.0
Piston,300.0,131.0,123.0,50.0,37,940.0,970.0,1265.0,3300.0,1845.0,26.0,40.0,278.0,1570000.0
Piston,230.0,103.0,101.0,50.0,37,710.0,1365.0,1265.0,3300.0,1815.0,25.0,40.0,204.0,1300000.0
Piston,300.0,136.0,130.0,50.0,88,950.0,1710.0,1480.0,3100.0,2253.0,27.0,35.0,500.0,1610000.0
Piston,300.0,141.0,134.0,52.0,88,960.0,2125.0,1565.0,3320.0,1998.0,27.0,35.0,522.0,1640000.0
Piston,300.0,155.0,145.0,49.0,88,1075.0,1430.0,1400.0,3350.0,1750.0,25.0,35.0,645.0,1790000.0
Piston,300.0,155.0,147.0,51.0,65,1040.0,1330.0,1400.0,3350.0,1565.0,25.0,36.0,470.0,1750000.0
Piston,300.0,153.0,145.0,54.0,65,950.0,1290.0,1285.0,3300.0,1560.0,25.0,36.0,470.0,1690000.0
Piston,260.0,153.0,145.0,54.0,65,1000.0,1510.0,1265.0,3200.0,1520.0,25.0,36.0,561.0,1730000.0
Piston,235.0,187.0,173.0,50.0,92,1040.0,1570.0,1320.0,3100.0,1846.0,28.0,35.0,845.0,2000000.0
Piston,235.0,160.0,156.0,50.0,92,1140.0,1570.0,1320.0,3100.0,1809.0,28.0,35.0,845.0,1800000.0
Piston,235.0,168.0,157.0,49.0,92,965.0,1475.0,1350.0,3100.0,1781.0,28.0,35.0,743.0,2000000.0
Piston,235.0,176.0,159.0,49.0,92,1040.0,1385.0,1350.0,3100.0,2075.0,29.0,36.0,971.0,2000000.0
Piston,230.0,150.0,145.0,49.0,92,924.0,1514.0,1350.0,3100.0,1970.0,29.0,36.0,930.0,1810000.0
Piston,230.0,143.0,140.0,46.0,88,924.0,1625.0,1280.0,3110.0,1882.0,28.0,16.0,813.0,1810000.0
Piston,230.0,146.0,142.0,49.0,92,865.0,1515.0,1350.0,3100.0,1775.0,28.0,35.0,817.0,1490000.0
Piston,230.0,148.0,143.0,50.0,92,1010.0,1350.0,1350.0,2950.0,1754.0,28.0,35.0,817.0,1650000.0
Piston,230.0,146.0,139.0,50.0,65,890.0,1350.0,1350.0,2950.0,1640.0,28.0,35.0,550.0,1770000.0
Piston,230.0,148.0,141.0,48.0,65,980.0,1205.0,1350.0,2800.0,1620.0,28.0,36.0,550.0,1890000.0
Piston,230.0,148.0,141.0,48.0,65,980.0,1205.0,1350.0,2800.0,1610.0,27.0,36.0,550.0,1890000.0
Piston,230.0,148.0,141.0,54.0,55,1030.0,1080.0,1310.0,2650.0,1560.0,26.0,36.0,450.0,1980000.0
Piston,230.0,143.0,135.0,54.0,55,1120.0,1020.0,1290.0,2550.0,1540.0,26.0,36.0,443.0,2010000.0
Piston,230.0,137.0,123.0,48.0,88,970.0,1900.0,1720.0,2950.0,2204.0,27.0,35.0,804.0,1530000.0
Piston,230.0,137.0,123.0,48.0,61,990.0,2070.0,1720.0,2950.0,2110.0,27.0,35.0,804.0,1600000.0
Piston,230.0,137.0,123.0,48.0,61,990.0,2070.0,1720.0,2950.0,1955.0,27.0,35.0,804.0,1600000.0
Piston,230.0,148.0,141.0,48.0,88,1100.0,1205.0,1365.0,2800.0,1701.0,25.0,35.0,804.0,1770000.0
Piston,230.0,148.0,141.0,50.0,65,1090.0,1205.0,1365.0,2800.0,1525.0,25.0,36.0,622.0,1960000.0
Piston,230.0,148.0,139.0,54.0,55,1130.0,1080.0,1330.0,2650.0,1555.0,26.0,36.0,513.0,2150000.0
Piston,225.0,144.0,137.0,51.0,55,1110.0,1095.0,1310.0,2550.0,1540.0,26.0,36.0,513.0,2120000.0
Piston,200.0,157.0,149.0,50.0,61,925.0,1585.0,1350.0,2800.0,1765.0,27.0,35.0,500.0,1710000.0
Piston,200.0,153.0,144.0,50.0,51,860.0,1585.0,1350.0,2800.0,1630.0,27.0,35.0,506.0,1690000.0
Piston,180.0,139.0,130.0,46.0,50,840.0,1400.0,1220.0,2500.0,1643.0,27.0,35.0,490.0,1460000.0
Piston,180.0,133.0,123.0,46.0,50,840.0,1400.0,1220.0,2500.0,1485.0,27.0,35.0,417.0,1460000.0
Piston,180.0,130.0,120.0,49.0,49,760.0,1575.0,1220.0,2500.0,1440.0,27.0,35.0,410.0,1580000.0
Piston,150.0,125.0,117.0,46.0,49,670.0,1575.0,1135.0,2350.0,1415.0,27.0,35.0,591.0,1270000.0
Piston,175.0,123.0,118.0,56.0,52,790.0,1450.0,1170.0,2450.0,1325.0,25.0,36.0,589.0,1450000.0
Piston,175.0,128.0,121.0,54.0,52,850.0,1340.0,1155.0,2350.0,1312.0,25.0,36.0,593.0,1590000.0
Piston,180.0,144.0,140.0,50.0,66,800.0,1775.0,1340.0,2650.0,1627.0,27.0,35.0,720.0,1680000.0
Piston,180.0,123.0,122.0,48.0,54,680.0,1690.0,1335.0,2550.0,1480.0,26.0,36.0,475.0,1700000.0
Piston,195.0,132.0,130.0,47.0,52,870.0,1360.0,1345.0,2550.0,1572.0,27.0,35.0,570.0,1700000.0
Piston,180.0,126.0,124.0,48.0,56,730.0,1630.0,1335.0,2550.0,1663.0,27.0,36.0,638.0,1400000.0
Piston,160.0,123.0,122.0,47.0,53,720.0,1685.0,1295.0,2457.0,1600.0,26.0,36.0,580.0,1350000.0
Piston,160.0,123.0,120.0,46.0,43,700.0,1625.0,1280.0,2400.0,1454.0,26.0,35.0,440.0,1300000.0
Piston,160.0,124.0,122.0,44.0,43,770.0,1390.0,1250.0,2300.0,1430.0,26.0,35.0,440.0,1420000.0
Piston,150.0,122.0,115.0,44.0,42,645.0,1525.0,1250.0,2300.0,1335.0,26.0,35.0,435.0,1310000.0
Piston,150.0,122.0,115.0,43.0,42,645.0,1525.0,1250.0,2300.0,1315.0,26.0,35.0,417.0,1310000.0
Piston,195.0,117.0,116.0,44.0,52,870.0,1850.0,1390.0,2550.0,1834.0,26.0,35.0,539.0,1550000.0
Piston,160.0,96.0,95.0,44.0,43,740.0,2160.0,1345.0,2220.0,1632.0,26.0,35.0,440.0,1500000.0
Piston,150.0,98.0,97.0,44.0,42,715.0,2390.0,1345.0,2220.0,1574.0,27.0,35.0,435.0,1200000.0
Piston,150.0,94.0,92.0,45.0,42,580.0,2390.0,1345.0,2220.0,1450.0,27.0,35.0,435.0,1200000.0
Piston,150.0,94.0,92.0,45.0,42,580.0,2390.0,1345.0,2220.0,1405.0,26.0,35.0,418.0,1200000.0
Piston,150.0,122.0,115.0,43.0,42,645.0,1525.0,1250.0,2300.0,1300.0,26.0,36.0,515.0,1310000.0
Piston,145.0,121.0,114.0,43.0,42,645.0,1525.0,1250.0,2300.0,1330.0,26.0,36.0,515.0,1310000.0
Piston,145.0,121.0,114.0,43.0,42,675.0,1450.0,1200.0,2250.0,1330.0,26.0,36.0,515.0,1420000.0
Piston,145.0,122.0,114.0,51.0,42,730.0,1370.0,1115.0,2200.0,1325.0,26.0,36.0,515.0,1510000.0
Piston,145.0,117.0,108.0,50.0,37,660.0,1650.0,1115.0,2200.0,1260.0,25.0,36.0,420.0,1330000.0
Piston,145.0,122.0,104.0,50.0,42,690.0,1820.0,1145.0,2200.0,1205.0,25.0,36.0,410.0,1550000.0
Piston,110.0,110.0,107.0,43.0,26,715.0,1340.0,1200.0,1670.0,1141.0,24.0,33.0,315.0,1470000.0
Piston,100.0,109.0,106.0,42.0,26,670.0,1385.0,1075.0,1600.0,1104.0,23.0,33.0,303.0,1400000.0
Piston,100.0,106.0,102.0,42.0,26,670.0,1385.0,1075.0,1600.0,1060.0,23.0,33.0,303.0,1265000.0
Piston,100.0,108.0,103.0,42.0,26,670.0,1385.0,1075.0,1600.0,1040.0,23.0,32.0,303.0,1400000.0
Piston,100.0,104.0,100.0,42.0,26,670.0,1385.0,1075.0,1600.0,1020.0,23.0,32.0,303.0,1265000.0
Piston,100.0,106.0,102.0,42.0,26,670.0,1385.0,1075.0,1600.0,1065.0,23.0,32.0,303.0,1265000.0
Piston,100.0,90.0,85.0,43.0,26,560.0,2075.0,850.0,1650.0,1120.0,24.0,32.0,276.0,1070000.0
Piston,100.0,109.0,102.0,43.0,26,670.0,1375.0,1075.0,1600.0,970.0,23.0,32.0,303.0,1265000.0
Piston,100.0,108.0,105.0,43.0,26,740.0,1205.0,1055.0,1500.0,965.0,21.0,33.0,320.0,1530000.0
Piston,100.0,108.0,104.0,47.0,26,740.0,1205.0,1055.0,1500.0,962.0,21.0,33.0,318.0,1530000.0
Piston,90.0,103.0,90.0,46.0,21,640.0,1850.0,1530.0,1500.0,850.0,20.0,33.0,315.0,1560000.0
Piston,85.0,102.0,88.0,46.0,21,620.0,1950.0,1530.0,1500.0,850.0,20.0,33.0,315.0,1510000.0
Piston,85.0,104.0,100.0,43.0,25,640.0,1850.0,1530.0,1450.0,818.0,20.0,32.0,390.0,1550000.0
Piston,270.0,197.0,187.0,59.0,90,1050.0,2223.0,1312.0,3305.0,2152.0,24.0,32.0,870.0,2500000.0
Piston,265.0,164.0,149.0,54.0,90,1070.0,1985.0,1200.0,3250.0,2102.0,24.0,32.0,1005.0,1680000.0
Piston,270.0,197.0,177.0,59.0,90,1050.0,2223.0,1312.0,3305.0,2151.0,24.0,32.0,870.0,2500000.0
Piston,260.0,166.0,157.0,54.0,68,1030.0,2150.0,1200.0,3260.0,2070.0,25.0,32.0,665.0,1650000.0
Piston,260.0,166.0,157.0,55.0,68,1088.0,1990.0,1200.0,3140.0,1905.0,25.0,32.0,665.0,1740000.0
Piston,210.0,170.0,163.0,54.0,48,914.0,1750.0,1275.0,2950.0,2035.0,25.0,35.0,620.0,2000000.0
Piston,200.0,150.0,142.0,51.0,48,950.0,1829.0,1039.0,2800.0,1773.0,25.0,35.0,575.0,1505000.0
Piston,200.0,149.0,140.0,54.0,48,1020.0,1585.0,1310.0,2650.0,1691.0,24.0,32.0,569.0,1390000.0
Piston,200.0,152.0,143.0,53.0,60,1000.0,1460.0,1310.0,2550.0,1530.0,24.0,32.0,750.0,1700000.0
Piston,100.0,122.0,103.0,27.0,25,790.0,975.0,1040.0,1320.0,825.0,23.0,34.0,434.0,1800000.0
Jet,4750.0,513.0,459.0,81.0,19165,4000.0,4950.0,3500.0,45500.0,22573.0,66.0,63.0,4400.0,4100000.0
Jet,4500.0,513.0,459.0,81.0,19165,3500.0,5300.0,3500.0,45500.0,22573.0,66.0,63.0,4200.0,3900000.0
Jet,3700.0,518.0,430.0,77.0,15520,3430.0,4700.0,2800.0,38800.0,21100.0,60.0,61.0,3500.0,4100000.0
Jet,5200.0,521.0,435.0,89.0,10684,3065.0,5260.0,2860.0,32000.0,18800.0,56.0,53.0,2500.0,3900000.0
Jet,4125.0,530.0,457.0,90.0,8420,3500.0,3800.0,2940.0,26455.0,16600.0,56.0,53.0,1200.0,4200000.0
Jet,4250.0,512.0,457.0,90.0,8980,3500.0,6400.0,4850.0,27337.0,15400.0,56.0,53.0,1630.0,4200000.0
Jet,4315.0,530.0,458.0,84.5,9250,3300.0,5000.0,3300.0,28660.0,15970.0,56.0,53.0,1610.0,4200000.0
Jet,4500.0,530.0,410.0,88.0,9098,3330.0,4950.0,2450.0,28660.0,17500.0,56.0,53.0,1614.0,3700000.0
Jet,3230.0,513.0,459.0,84.0,5912,4600.0,4615.0,2750.0,19300.0,11200.0,45.0,42.0,1828.0,3900000.0
Jet,3230.0,513.0,459.0,88.0,5912,4600.0,4615.0,2750.0,18740.0,10800.0,45.0,42.0,1828.0,4500000.0
Jet,3230.0,459.0,426.0,92.0,5910,4200.0,4300.0,3300.0,18300.0,10800.0,45.0,42.0,1800.0,4500000.0
Propjet,620.0,182.0,170.0,58.0,2583,1600.0,1500.0,1940.0,12500.0,6881.0,51.0,65.0,300.0,2670000.0
Propjet,620.0,182.0,171.0,64.0,2457,1600.0,1940.0,1940.0,12500.0,7487.0,51.0,65.0,300.0,2670000.0
Piston,135.0,194.0,172.0,56.0,52,1280.0,1730.0,1877.0,3935.0,2765.0,28.0,44.0,1129.0,1800000.0
Propjet,700.0,300.0,291.0,61.0,1887,2380.0,1591.0,2034.0,6579.0,4050.0,34.0,41.0,1563.0,3000000.0
Piston,250.0,167.0,160.0,54.0,86,1260.0,1953.0,1750.0,3083.0,1744.0,25.0,32.0,1100.0,2000000.0
Jet,900.0,64.0,426.0,69.0,1686,3314.0,2297.0,2155.0,5920.0,3550.0,33.0,37.0,1300.0,4100000.0
Propjet,1000.0,278.0,248.0,88.0,648,2635.0,3340.0,2970.0,14500.0,9200.0,59.0,57.0,2040.0,2990000.0
Propjet,1000.0,283.0,261.0,87.0,648,2440.0,2850.0,2532.0,14000.0,9100.0,59.0,57.0,2040.0,3000000.0
Propjet,900.0,303.0,264.0,92.0,648,2650.0,3080.0,2805.0,13230.0,8200.0,42.0,47.0,2178.0,2940000.0
Propjet,900.0,300.0,265.0,92.0,648,2650.0,2920.0,3530.0,13230.0,8150.0,42.0,46.0,2025.0,2700000.0
Propjet,900.0,303.0,264.0,89.0,648,2800.0,2400.0,3360.0,12500.0,8090.0,42.0,46.0,2025.0,2940000.0
Propjet,900.0,309.0,295.0,89.0,648,2780.0,2970.0,3240.0,12500.0,7800.0,42.0,46.0,2025.0,3140000.0
Piston,100.0,145.0,119.0,35.0,29,850.0,1050.0,1100.0,1320.0,760.0,20.0,31.0,730.0,1320000.0
Piston,100.0,133.0,116.0,36.0,18,850.0,1450.0,1410.0,1320.0,820.0,20.0,20.0,400.0,1320000.0
Jet,13850.0,505.0,459.0,115.0,29500,4122.0,5450.0,3190.0,75000.0,42500.0,88.0,77.0,4220.0,4500000.0
Jet,13850.0,510.0,459.0,108.0,29500,4219.0,5265.0,3393.0,73200.0,42500.0,88.0,77.0,4420.0,4500000.0
Jet,11400.0,503.0,459.0,104.0,28300,4049.0,5115.0,3250.0,69700.0,38000.0,83.0,77.0,3767.0,4500000.0
Jet,11400.0,503.0,459.0,103.0,28300,4049.0,5115.0,3250.0,69700.0,38150.0,79.0,77.0,3680.0,4500000.0
Jet,11400.0,503.0,459.0,103.0,26800,4240.0,5750.0,3168.0,65500.0,37186.0,79.0,72.0,2795.0,4500000.0
Jet,11400.0,503.0,459.0,108.0,23300,4345.0,5625.0,3198.0,64800.0,36544.0,79.0,68.0,2592.0,4500000.0
Jet,3700.0,476.0,415.0,89.0,9580,3500.0,5250.0,2350.0,23500.0,12800.0,52.0,44.0,2904.0,4500000.0
Jet,3700.0,471.0,426.0,90.0,8710,3200.0,4950.0,2450.0,22850.0,12500.0,52.0,44.0,2440.0,4500000.0
Jet,3100.0,471.0,426.0,87.0,8620,4040.0,5750.0,2900.0,20700.0,11500.0,52.0,44.0,1450.0,4500000.0
Jet,2950.0,471.0,426.0,84.0,7350,5000.0,5450.0,3900.0,18500.0,10500.0,50.0,43.0,1100.0,4500000.0
Jet,2850.0,471.0,426.0,82.0,6250,4400.0,5400.0,3900.0,17500.0,10500.0,50.0,43.0,950.0,4000000.0
Piston,180.0,122.0,114.0,39.0,40,800.0,1275.0,900.0,2400.0,1555.0,24.0,38.0,296.0,1300000.0
Piston,180.0,123.0,117.0,45.0,30,800.0,1375.0,900.0,2350.0,1520.0,23.0,34.0,305.0,1350000.0
Piston,150.0,109.0,97.0,50.0,30,700.0,1550.0,900.0,2150.0,1450.0,23.0,34.0,320.0,950000.0
Piston,180.0,149.0,143.0,39.0,40,800.0,1275.0,900.0,2400.0,1575.0,24.0,38.0,543.0,2000000.0
Piston,200.0,135.0,130.0,39.0,40,1200.0,1050.0,950.0,2690.0,1555.0,24.0,38.0,455.0,1470000.0
Piston,90.0,96.0,83.0,37.0,25,660.0,1850.0,1540.0,1400.0,870.0,20.0,35.0,273.0,1600000.0
Piston,85.0,91.0,83.0,37.0,30,640.0,1850.0,1540.0,1400.0,791.0,19.0,34.0,346.0,1550000.0
Piston,65.0,91.0,78.0,37.0,14,550.0,1950.0,1540.0,1260.0,750.0,19.0,34.0,182.0,1400000.0
Piston,235.0,157.0,129.0,38.0,40,1900.0,540.0,540.0,2500.0,1425.0,23.0,33.0,360.0,2000000.0
Piston,220.0,157.0,150.0,33.0,42,1250.0,585.0,600.0,2300.0,1300.0,23.0,30.0,485.0,1900000.0
Piston,210.0,157.0,137.0,33.0,40,1250.0,600.0,600.0,2300.0,1350.0,22.0,30.0,345.0,1800000.0
Piston,220.0,157.0,152.0,35.0,42,1250.0,600.0,650.0,2300.0,1280.0,22.0,29.0,530.0,1900000.0
Piston,210.0,157.0,143.0,35.0,42,1250.0,585.0,600.0,2100.0,1250.0,22.0,29.0,500.0,1800000.0
Piston,180.0,148.0,135.0,35.0,42,1000.0,700.0,600.0,2300.0,1250.0,22.0,29.0,525.0,1700000.0
Piston,145.0,157.0,130.0,35.0,42,700.0,900.0,600.0,2100.0,1100.0,22.0,29.0,750.0,1200000.0
Jet,2500.0,430.0,400.0,77.0,4260,3050.0,3850.0,2800.0,14630.0,9410.0,48.0,43.0,1513.0,4100000.0
Jet,2500.0,434.0,410.0,77.0,646,3000.0,4100.0,2700.0,13890.0,8300.0,48.0,43.0,1510.0,4100000.0
Propjet,778.0,309.0,296.0,77.0,403,2200.0,2170.0,1880.0,11575.0,7650.0,39.0,39.0,1391.0,2975000.0
Propjet,727.0,322.0,313.0,73.0,403,2350.0,1800.0,1600.0,10470.0,7010.0,33.0,39.0,1600.0,3350000.0
Propjet,724.0,317.0,304.0,73.0,364,2840.0,1800.0,1600.0,10470.0,6864.0,33.0,39.0,1250.0,3220000.0
Propjet,776.0,296.0,283.0,77.0,364,2630.0,2170.0,1880.0,11575.0,7570.0,39.0,39.0,1200.0,2960000.0
Propjet,724.0,317.0,270.0,71.0,366,3100.0,1700.0,1490.0,9920.0,5920.0,33.0,39.0,1175.0,3320000.0
Propjet,724.0,300.0,265.0,73.0,366,2690.0,1870.0,1670.0,10800.0,6800.0,39.0,39.0,1150.0,3080000.0
Propjet,705.0,283.0,261.0,73.0,366,2590.0,1890.0,1670.0,10800.0,6700.0,39.0,39.0,1100.0,2700000.0
Propjet,705.0,296.0,270.0,71.0,366,2875.0,1700.0,1320.0,9920.0,5790.0,33.0,39.0,1150.0,3040000.0
Jet,280.0,242.0,175.0,56.0,89,1375.0,2100.0,2650.0,3368.0,2380.0,26.0,36.0,1275.0,2500000.0
Piston,280.0,197.0,191.0,60.0,95,1200.0,1700.0,1600.0,3368.0,2200.0,26.0,36.0,900.0,2100000.0
Piston,310.0,217.0,200.0,60.0,92,1120.0,2079.0,1549.0,3680.0,2380.0,26.0,35.0,813.0,2400000.0
Piston,310.0,197.0,170.0,59.0,100,1300.0,2600.0,2500.0,3380.0,2250.0,26.0,36.0,1450.0,2000000.0
Piston,220.0,213.0,197.0,60.0,80,1300.0,2000.0,2320.0,3100.0,2000.0,25.0,36.0,1100.0,2500000.0
Piston,210.0,219.0,201.0,59.0,75,1080.0,2200.0,2300.0,2900.0,1800.0,25.0,36.0,980.0,2800000.0
Piston,200.0,178.0,171.0,54.0,64,1060.0,1700.0,1600.0,2740.0,1710.0,24.0,36.0,690.0,1860000.0
Piston,210.0,201.0,191.0,57.0,75,1080.0,2060.0,2280.0,2900.0,1800.0,25.0,36.0,980.0,2400000.0
Piston,200.0,175.0,170.0,53.0,64,1030.0,1550.0,1550.0,2740.0,1671.0,24.0,36.0,690.0,1880000.0
Piston,200.0,161.0,156.0,54.0,64,1055.0,1385.0,1786.0,2740.0,1640.0,24.0,35.0,734.0,1880000.0
Piston,200.0,165.0,160.0,50.0,52,1125.0,1550.0,1550.0,2575.0,1600.0,23.0,35.0,601.0,2120000.0
Piston,180.0,155.0,147.0,50.0,52,875.0,1250.0,1670.0,2525.0,1585.0,24.0,35.0,627.0,1700000.0
Piston,180.0,147.0,143.0,50.0,52,800.0,1395.0,1610.0,2575.0,1525.0,23.0,35.0,659.0,1650000.0
Piston,180.0,153.0,150.0,50.0,52,860.0,1395.0,1550.0,2575.0,1525.0,23.0,35.0,659.0,1950000.0
Piston,200.0,171.0,163.0,50.0,52,1110.0,1300.0,1365.0,2575.0,1575.0,23.0,35.0,601.0,1880000.0
Piston,180.0,165.0,158.0,50.0,52,800.0,1250.0,1550.0,2575.0,1525.0,23.0,35.0,659.0,1720000.0
Piston,180.0,165.0,158.0,50.0,52,1150.0,1050.0,1100.0,2450.0,1525.0,23.0,35.0,745.0,1850000.0
Piston,180.0,165.0,157.0,50.0,35,1150.0,1050.0,1100.0,2450.0,1440.0,23.0,35.0,513.0,2000000.0
Piston,150.0,149.0,143.0,50.0,35,900.0,1150.0,1100.0,2450.0,1415.0,23.0,35.0,655.0,1720000.0
Piston,180.0,128.0,117.0,50.0,52,740.0,1125.0,1100.0,2500.0,1455.0,23.0,35.0,715.0,1360000.0
Piston,90.0,103.0,96.0,40.0,24,835.0,953.0,1016.0,1450.0,950.0,20.0,30.0,484.0,1250000.0
Piston,90.0,112.0,108.0,39.0,24,640.0,1250.0,1350.0,1450.0,950.0,20.0,30.0,456.0,1730000.0
Piston,285.0,177.0,166.0,48.0,40,1375.0,980.0,980.0,3315.0,2000.0,27.0,34.0,335.0,2150000.0
Piston,260.0,160.0,156.0,51.0,108,1150.0,980.0,980.0,3315.0,1925.0,27.0,34.0,1043.0,2050000.0
Piston,260.0,165.0,147.0,57.0,40,1110.0,1100.0,1100.0,2850.0,1950.0,27.0,33.0,340.0,1660000.0
Piston,205.0,142.0,135.0,57.0,40,1050.0,900.0,1100.0,2750.0,1782.0,27.0,33.0,430.0,1560000.0
Propjet,1200.0,270.0,265.0,64.0,402,1680.0,2300.0,1830.0,9920.0,5732.0,47.0,53.0,2261.0,3000000.0
Propjet,720.0,312.0,288.0,89.0,578,2380.0,2280.0,3043.0,11200.0,6837.0,43.0,47.0,1722.0,3584000.0
Propjet,720.0,290.0,275.0,87.0,390,2236.0,3230.0,3017.0,11200.0,6389.0,43.0,47.0,1515.0,3200000.0
Propjet,620.0,275.0,270.0,77.0,382,1750.0,2940.0,2446.0,9474.0,5164.0,36.0,42.0,1336.0,3240000.0
Propjet,620.0,283.0,269.0,75.0,382,2710.0,1980.0,2480.0,9000.0,5018.0,34.0,42.0,1444.0,3160000.0
